{"cameraMode":{"drawMode":0,"name":"Shaded","section":"Shading Mode"},"sceneLighting":false,"audioPlay":false,"sceneViewState":{"showFog":true,"showMaterialUpdate":true,"showSkybox":true,"showFlares":true,"showImageEffects":true,"showParticleSystems":true},"in2DMode":false,"pivot":{"x":452.4244079589844,"y":113.67637634277344,"z":0.0},"rotation":{"x":-0.0885593369603157,"y":-0.05465884134173393,"z":0.004867048934102058,"w":-0.9945582151412964},"size":42.42530822753906,"orthographic":false}