{"cameraMode":{"drawMode":0,"name":"Shaded","section":"Shading Mode"},"sceneLighting":true,"audioPlay":false,"sceneViewState":{"showFog":true,"showMaterialUpdate":true,"showSkybox":true,"showFlares":true,"showImageEffects":true,"showParticleSystems":true},"in2DMode":false,"pivot":{"x":270.8429870605469,"y":286.9053039550781,"z":-6.774505615234375},"rotation":{"x":-0.013803910464048386,"y":-0.02789725922048092,"z":0.00038523285184055567,"w":-0.9995154142379761},"size":1569.799072265625,"orthographic":false}